{"val/acc": 0.10010107606649399, "val/loss": 2.7320973873138428, "val/loss.a": 2.4378597736358643, "val/acc.a": 0.10000000149011612, "val/cnt.a": 3300.0, "val/acc.real": 0.10020242631435394, "val/count.real": 9880.0, "val/lloss.real": 2.5487499237060547, "val/loss.b": 2.443460702896118, "val/acc.b": 0.10030394792556763, "val/cnt.b": 3290.0, "val/loss.c": 2.765265941619873, "val/acc.c": 0.10030394792556763, "val/cnt.c": 3290.0, "val/loss.s1": 2.6174986362457275, "val/acc.s1": 0.10000000149011612, "val/cnt.s1": 3300.0, "val/acc.seen": 0.10010100901126862, "val/count.seen": 9900.0, "val/lloss.seen": 2.7703378200531006, "val/loss.s2": 2.9826836585998535, "val/acc.s2": 0.10000000149011612, "val/cnt.s2": 3300.0, "val/loss.s3": 2.7108306884765625, "val/acc.s3": 0.1003030315041542, "val/cnt.s3": 3300.0, "val/loss.s4": 2.9741697311401367, "val/acc.s4": 0.10000000149011612, "val/cnt.s4": 3300.0, "val/acc.unseen": 0.10000000149011612, "val/count.unseen": 9900.0, "val/lloss.unseen": 2.8747217655181885, "val/loss.s5": 2.6858484745025635, "val/acc.s5": 0.10000000149011612, "val/cnt.s5": 3300.0, "val/loss.s6": 2.9641480445861816, "val/acc.s6": 0.10000000149011612, "val/cnt.s6": 3300.0, "val/loss.airport": 3.5786123275756836, "val/acc.airport": 0.0, "val/cnt.airport": 2960.0, "val/loss.bus": 2.624485492706299, "val/acc.bus": 0.0, "val/cnt.bus": 2970.0, "val/loss.metro": 2.8151443004608154, "val/acc.metro": 0.001010101055726409, "val/cnt.metro": 2970.0, "val/loss.metro_station": 1.4816744327545166, "val/acc.metro_station": 0.5548821687698364, "val/cnt.metro_station": 2970.0, "val/loss.park": 2.405271053314209, "val/acc.park": 0.0, "val/cnt.park": 2970.0, "val/loss.public_square": 2.665863275527954, "val/acc.public_square": 0.2222222238779068, "val/cnt.public_square": 2970.0, "val/loss.shopping_mall": 1.9367613792419434, "val/acc.shopping_mall": 0.2222222238779068, "val/cnt.shopping_mall": 2970.0, "val/loss.street_pedestrian": 2.9077043533325195, "val/acc.street_pedestrian": 0.0, "val/cnt.street_pedestrian": 2970.0, "val/loss.street_traffic": 3.224071502685547, "val/acc.street_traffic": 0.0, "val/cnt.street_traffic": 2970.0, "val/loss.tram": 3.6803882122039795, "val/acc.tram": 0.0, "val/cnt.tram": 2960.0, "val/macro_avg_acc": 0.10003367811441422, "epoch": 1, "trainer/global_step": 28, "_timestamp": 1743955725.8140671, "_runtime": 223.18364906311035, "_step": 1, "test/acc": 0.10010107606649399, "test/loss": 2.60546875, "test/loss.a": 2.4378678798675537, "test/acc.a": 0.10000000149011612, "test/cnt.a": 3300.0, "test/acc.real": 0.10020242631435394, "test/count.real": 9880.0, "test/lloss.real": 2.548759698867798, "test/loss.b": 2.4435341358184814, "test/acc.b": 0.10030394792556763, "test/cnt.b": 3290.0, "test/loss.c": 2.765213966369629, "test/acc.c": 0.10030394792556763, "test/cnt.c": 3290.0, "test/loss.s1": 2.617579936981201, "test/acc.s1": 0.10000000149011612, "test/cnt.s1": 3300.0, "test/acc.seen": 0.10010100901126862, "test/count.seen": 9900.0, "test/lloss.seen": 2.770345687866211, "test/loss.s2": 2.982748031616211, "test/acc.s2": 0.10000000149011612, "test/cnt.s2": 3300.0, "test/loss.s3": 2.7107088565826416, "test/acc.s3": 0.1003030315041542, "test/cnt.s3": 3300.0, "test/loss.s4": 2.493198871612549, "test/acc.s4": 0.10000000149011612, "test/cnt.s4": 3300.0, "test/acc.unseen": 0.10000000149011612, "test/count.unseen": 9900.0, "test/lloss.unseen": 2.4929521083831787, "test/loss.s5": 2.4925851821899414, "test/acc.s5": 0.10000000149011612, "test/cnt.s5": 3300.0, "test/loss.s6": 2.493072509765625, "test/acc.s6": 0.10000000149011612, "test/cnt.s6": 3300.0, "test/loss.airport": 3.5444257259368896, "test/acc.airport": 0.0, "test/cnt.airport": 2960.0, "test/loss.bus": 2.414489984512329, "test/acc.bus": 0.0, "test/cnt.bus": 2970.0, "test/loss.metro": 2.729266405105591, "test/acc.metro": 0.001010101055726409, "test/cnt.metro": 2970.0, "test/loss.metro_station": 1.3903775215148926, "test/acc.metro_station": 0.6659932732582092, "test/cnt.metro_station": 2970.0, "test/loss.park": 2.2818241119384766, "test/acc.park": 0.0, "test/cnt.park": 2970.0, "test/loss.public_square": 2.365950584411621, "test/acc.public_square": 0.2222222238779068, "test/cnt.public_square": 2970.0, "test/loss.shopping_mall": 2.1479310989379883, "test/acc.shopping_mall": 0.1111111119389534, "test/cnt.shopping_mall": 2970.0, "test/loss.street_pedestrian": 2.8260931968688965, "test/acc.street_pedestrian": 0.0, "test/cnt.street_pedestrian": 2970.0, "test/loss.street_traffic": 2.7883148193359375, "test/acc.street_traffic": 0.0, "test/cnt.street_traffic": 2970.0, "test/loss.tram": 3.558269739151001, "test/acc.tram": 0.0, "test/cnt.tram": 2960.0, "test/macro_avg_acc": 0.10003367811441422, "_wandb": {"runtime": 222}}