{"val/acc": 0.3457884192466736, "val/loss": 4.011815071105957, "val/loss.a": 3.206115245819092, "val/acc.a": 0.4545454680919647, "val/cnt.a": 3300.0, "val/acc.real": 0.41447368264198303, "val/count.real": 9880.0, "val/lloss.real": 3.5298078060150146, "val/loss.b": 3.879776954650879, "val/acc.b": 0.3793313205242157, "val/cnt.b": 3290.0, "val/loss.c": 3.504514217376709, "val/acc.c": 0.40942248702049255, "val/cnt.c": 3290.0, "val/loss.s1": 4.0098395347595215, "val/acc.s1": 0.3015151619911194, "val/cnt.s1": 3300.0, "val/acc.seen": 0.31282827258110046, "val/count.seen": 9900.0, "val/lloss.seen": 4.237667083740234, "val/loss.s2": 4.348640441894531, "val/acc.s2": 0.31060606241226196, "val/cnt.s2": 3300.0, "val/loss.s3": 4.354521751403809, "val/acc.s3": 0.32636362314224243, "val/cnt.s3": 3300.0, "val/loss.s4": 4.107506275177002, "val/acc.s4": 0.31757575273513794, "val/cnt.s4": 3300.0, "val/acc.unseen": 0.310202032327652, "val/count.unseen": 9900.0, "val/lloss.unseen": 4.266600608825684, "val/loss.s5": 4.3820061683654785, "val/acc.s5": 0.3209090828895569, "val/cnt.s5": 3300.0, "val/loss.s6": 4.3102898597717285, "val/acc.s6": 0.29212120175361633, "val/cnt.s6": 3300.0, "val/loss.airport": 5.355027675628662, "val/acc.airport": 0.18175674974918365, "val/cnt.airport": 2960.0, "val/loss.bus": 5.473416805267334, "val/acc.bus": 0.1734006702899933, "val/cnt.bus": 2970.0, "val/loss.metro": 3.9246816635131836, "val/acc.metro": 0.3016835153102875, "val/cnt.metro": 2970.0, "val/loss.metro_station": 2.900186538696289, "val/acc.metro_station": 0.47138047218322754, "val/cnt.metro_station": 2970.0, "val/loss.park": 2.8113644123077393, "val/acc.park": 0.4252525269985199, "val/cnt.park": 2970.0, "val/loss.public_square": 5.411563873291016, "val/acc.public_square": 0.17373737692832947, "val/cnt.public_square": 2970.0, "val/loss.shopping_mall": 1.2406774759292603, "val/acc.shopping_mall": 0.6909090876579285, "val/cnt.shopping_mall": 2970.0, "val/loss.street_pedestrian": 6.50698184967041, "val/acc.street_pedestrian": 0.09225589036941528, "val/cnt.street_pedestrian": 2970.0, "val/loss.street_traffic": 1.892937183380127, "val/acc.street_traffic": 0.6562289595603943, "val/cnt.street_traffic": 2970.0, "val/loss.tram": 4.6065192222595215, "val/acc.tram": 0.29054054617881775, "val/cnt.tram": 2960.0, "val/macro_avg_acc": 0.3457145392894745, "epoch": 96.0, "trainer/global_step": 2699, "_timestamp": 1743035672.1026154, "_runtime": 22936.791338443756, "_step": 149, "lr": 0.003854603972285986, "train/loss": 1.035695195198059, "_wandb": {"runtime": 23245}}