{"val/acc": 0.24585579335689545, "val/loss": 2.1558103561401367, "val/loss.a": 1.9739083051681519, "val/acc.a": 0.32181817293167114, "val/cnt.a": 3300.0, "val/acc.real": 0.3086032271385193, "val/count.real": 9880.0, "val/lloss.real": 1.9928303956985474, "val/loss.b": 2.0281336307525635, "val/acc.b": 0.2969604730606079, "val/cnt.b": 3290.0, "val/loss.c": 1.9765067100524902, "val/acc.c": 0.3069908916950226, "val/cnt.c": 3290.0, "val/loss.s1": 2.1468474864959717, "val/acc.s1": 0.21090908348560333, "val/cnt.s1": 3300.0, "val/acc.seen": 0.21494948863983154, "val/count.seen": 9900.0, "val/lloss.seen": 2.2123830318450928, "val/loss.s2": 2.3071727752685547, "val/acc.s2": 0.20121212303638458, "val/cnt.s2": 3300.0, "val/loss.s3": 2.183129072189331, "val/acc.s3": 0.2327272742986679, "val/cnt.s3": 3300.0, "val/loss.s4": 2.241018772125244, "val/acc.s4": 0.22545453906059265, "val/cnt.s4": 3300.0, "val/acc.unseen": 0.21414141356945038, "val/count.unseen": 9900.0, "val/lloss.unseen": 2.2612428665161133, "val/loss.s5": 2.242204189300537, "val/acc.s5": 0.24121211469173431, "val/cnt.s5": 3300.0, "val/loss.s6": 2.3005058765411377, "val/acc.s6": 0.17575757205486298, "val/cnt.s6": 3300.0, "val/loss.airport": 1.8599660396575928, "val/acc.airport": 0.24222972989082336, "val/cnt.airport": 2960.0, "val/loss.bus": 2.8323781490325928, "val/acc.bus": 0.09696969389915466, "val/cnt.bus": 2970.0, "val/loss.metro": 2.01847243309021, "val/acc.metro": 0.22794613242149353, "val/cnt.metro": 2970.0, "val/loss.metro_station": 2.061051845550537, "val/acc.metro_station": 0.06734006851911545, "val/cnt.metro_station": 2970.0, "val/loss.park": 2.26157546043396, "val/acc.park": 0.43468013405799866, "val/cnt.park": 2970.0, "val/loss.public_square": 2.657604455947876, "val/acc.public_square": 0.0, "val/cnt.public_square": 2970.0, "val/loss.shopping_mall": 1.7016545534133911, "val/acc.shopping_mall": 0.7013468146324158, "val/cnt.shopping_mall": 2970.0, "val/loss.street_pedestrian": 2.0146195888519287, "val/acc.street_pedestrian": 0.008080808445811272, "val/cnt.street_pedestrian": 2970.0, "val/loss.street_traffic": 1.5460683107376099, "val/acc.street_traffic": 0.658922553062439, "val/cnt.street_traffic": 2970.0, "val/loss.tram": 2.6030707359313965, "val/acc.tram": 0.020270269364118576, "val/cnt.tram": 2960.0, "val/macro_avg_acc": 0.24577860534191132, "epoch": 1.0, "trainer/global_step": 55, "_timestamp": 1741506402.300344, "_runtime": 581.0240209102631, "_step": 2, "lr": 0.00012250000145286322, "train/loss": 2.023845672607422, "_wandb": {"runtime": 661}}