{"val/acc": 0.358119934797287, "val/loss": 6.792956352233887, "val/loss.a": 3.348653793334961, "val/acc.a": 0.5009090900421143, "val/cnt.a": 3300.0, "val/acc.real": 0.4646761119365692, "val/count.real": 9880.0, "val/lloss.real": 4.131946086883545, "val/loss.b": 4.677250385284424, "val/acc.b": 0.415805459022522, "val/cnt.b": 3290.0, "val/loss.c": 4.372314453125, "val/acc.c": 0.4772036373615265, "val/cnt.c": 3290.0, "val/loss.s1": 7.9082489013671875, "val/acc.s1": 0.28727272152900696, "val/cnt.s1": 3300.0, "val/acc.seen": 0.3056565523147583, "val/count.seen": 9900.0, "val/lloss.seen": 8.193140029907227, "val/loss.s2": 8.678583145141602, "val/acc.s2": 0.3060606122016907, "val/cnt.s2": 3300.0, "val/loss.s3": 7.992587566375732, "val/acc.s3": 0.32363635301589966, "val/cnt.s3": 3300.0, "val/loss.s4": 7.778064727783203, "val/acc.s4": 0.31060606241226196, "val/cnt.s4": 3300.0, "val/acc.unseen": 0.30424243211746216, "val/count.unseen": 9900.0, "val/lloss.unseen": 8.04129409790039, "val/loss.s5": 7.8222761154174805, "val/acc.s5": 0.28727272152900696, "val/cnt.s5": 3300.0, "val/loss.s6": 8.523541450500488, "val/acc.s6": 0.31484848260879517, "val/cnt.s6": 3300.0, "val/loss.airport": 6.915699481964111, "val/acc.airport": 0.2476351410150528, "val/cnt.airport": 2960.0, "val/loss.bus": 6.295582294464111, "val/acc.bus": 0.40909090638160706, "val/cnt.bus": 2970.0, "val/loss.metro": 6.761157989501953, "val/acc.metro": 0.3693602681159973, "val/cnt.metro": 2970.0, "val/loss.metro_station": 6.567811012268066, "val/acc.metro_station": 0.2905724048614502, "val/cnt.metro_station": 2970.0, "val/loss.park": 5.639315605163574, "val/acc.park": 0.47979798913002014, "val/cnt.park": 2970.0, "val/loss.public_square": 12.584455490112305, "val/acc.public_square": 0.14377103745937347, "val/cnt.public_square": 2970.0, "val/loss.shopping_mall": 3.507972240447998, "val/acc.shopping_mall": 0.45420876145362854, "val/cnt.shopping_mall": 2970.0, "val/loss.street_pedestrian": 7.509862899780273, "val/acc.street_pedestrian": 0.2673400640487671, "val/cnt.street_pedestrian": 2970.0, "val/loss.street_traffic": 2.7978105545043945, "val/acc.street_traffic": 0.6868686676025391, "val/cnt.street_traffic": 2970.0, "val/loss.tram": 9.335159301757812, "val/acc.tram": 0.2317567616701126, "val/cnt.tram": 2960.0, "val/macro_avg_acc": 0.3580401837825775, "epoch": 150, "trainer/global_step": 4200, "_timestamp": 1741488244.9229074, "_runtime": 27259.475373268127, "_step": 234, "lr": 5.097935407150089e-10, "train/loss": 0.0017440180527046323, "test/acc": 0.358119934797287, "test/loss": 6.792956829071045, "test/loss.a": 3.34865403175354, "test/acc.a": 0.5009090900421143, "test/cnt.a": 3300.0, "test/acc.real": 0.4646761119365692, "test/count.real": 9880.0, "test/lloss.real": 4.131946086883545, "test/loss.b": 4.677250385284424, "test/acc.b": 0.415805459022522, "test/cnt.b": 3290.0, "test/loss.c": 4.372314929962158, "test/acc.c": 0.4772036373615265, "test/cnt.c": 3290.0, "test/loss.s1": 7.908249378204346, "test/acc.s1": 0.28727272152900696, "test/cnt.s1": 3300.0, "test/acc.seen": 0.3056565523147583, "test/count.seen": 9900.0, "test/lloss.seen": 8.193140029907227, "test/loss.s2": 8.678583145141602, "test/acc.s2": 0.3060606122016907, "test/cnt.s2": 3300.0, "test/loss.s3": 7.992587566375732, "test/acc.s3": 0.32363635301589966, "test/cnt.s3": 3300.0, "test/loss.s4": 7.778065204620361, "test/acc.s4": 0.31060606241226196, "test/cnt.s4": 3300.0, "test/acc.unseen": 0.30424243211746216, "test/count.unseen": 9900.0, "test/lloss.unseen": 8.04129409790039, "test/loss.s5": 7.822277069091797, "test/acc.s5": 0.28727272152900696, "test/cnt.s5": 3300.0, "test/loss.s6": 8.523541450500488, "test/acc.s6": 0.31484848260879517, "test/cnt.s6": 3300.0, "test/loss.airport": 6.915700435638428, "test/acc.airport": 0.2476351410150528, "test/cnt.airport": 2960.0, "test/loss.bus": 6.295582294464111, "test/acc.bus": 0.40909090638160706, "test/cnt.bus": 2970.0, "test/loss.metro": 6.761158466339111, "test/acc.metro": 0.3693602681159973, "test/cnt.metro": 2970.0, "test/loss.metro_station": 6.567811012268066, "test/acc.metro_station": 0.2905724048614502, "test/cnt.metro_station": 2970.0, "test/loss.park": 5.639315605163574, "test/acc.park": 0.47979798913002014, "test/cnt.park": 2970.0, "test/loss.public_square": 12.584456443786621, "test/acc.public_square": 0.14377103745937347, "test/cnt.public_square": 2970.0, "test/loss.shopping_mall": 3.5079727172851562, "test/acc.shopping_mall": 0.45420876145362854, "test/cnt.shopping_mall": 2970.0, "test/loss.street_pedestrian": 7.509862899780273, "test/acc.street_pedestrian": 0.2673400640487671, "test/cnt.street_pedestrian": 2970.0, "test/loss.street_traffic": 2.7978105545043945, "test/acc.street_traffic": 0.6868686676025391, "test/cnt.street_traffic": 2970.0, "test/loss.tram": 9.335159301757812, "test/acc.tram": 0.2317567616701126, "test/cnt.tram": 2960.0, "test/macro_avg_acc": 0.3580401837825775, "_wandb": {"runtime": 27258}}