{"val/acc": 0.3479784429073334, "val/loss": 5.164405345916748, "val/loss.a": 3.096153497695923, "val/acc.a": 0.4854545593261719, "val/cnt.a": 3300.0, "val/acc.real": 0.4532388746738434, "val/count.real": 9880.0, "val/lloss.real": 3.3072988986968994, "val/loss.b": 3.855224370956421, "val/acc.b": 0.40334346890449524, "val/cnt.b": 3290.0, "val/loss.c": 2.9711599349975586, "val/acc.c": 0.47082066535949707, "val/cnt.c": 3290.0, "val/loss.s1": 6.511398792266846, "val/acc.s1": 0.2754545509815216, "val/cnt.s1": 3300.0, "val/acc.seen": 0.30868688225746155, "val/count.seen": 9900.0, "val/lloss.seen": 5.499202728271484, "val/loss.s2": 4.960096836090088, "val/acc.s2": 0.3115151524543762, "val/cnt.s2": 3300.0, "val/loss.s3": 5.026111602783203, "val/acc.s3": 0.33909091353416443, "val/cnt.s3": 3300.0, "val/loss.s4": 6.713911056518555, "val/acc.s4": 0.3039394021034241, "val/cnt.s4": 3300.0, "val/acc.unseen": 0.2822222113609314, "val/count.unseen": 9900.0, "val/lloss.unseen": 6.680964469909668, "val/loss.s5": 6.556047439575195, "val/acc.s5": 0.28575757145881653, "val/cnt.s5": 3300.0, "val/loss.s6": 6.772934436798096, "val/acc.s6": 0.256969690322876, "val/cnt.s6": 3300.0, "val/loss.airport": 5.157217025756836, "val/acc.airport": 0.3175675570964813, "val/cnt.airport": 2960.0, "val/loss.bus": 6.028603553771973, "val/acc.bus": 0.3144781291484833, "val/cnt.bus": 2970.0, "val/loss.metro": 5.896696090698242, "val/acc.metro": 0.2713804841041565, "val/cnt.metro": 2970.0, "val/loss.metro_station": 4.255804061889648, "val/acc.metro_station": 0.34949496388435364, "val/cnt.metro_station": 2970.0, "val/loss.park": 4.881853103637695, "val/acc.park": 0.4336700439453125, "val/cnt.park": 2970.0, "val/loss.public_square": 7.485498428344727, "val/acc.public_square": 0.2010101079940796, "val/cnt.public_square": 2970.0, "val/loss.shopping_mall": 3.537447929382324, "val/acc.shopping_mall": 0.4168350100517273, "val/cnt.shopping_mall": 2970.0, "val/loss.street_pedestrian": 6.8438544273376465, "val/acc.street_pedestrian": 0.22154882550239563, "val/cnt.street_pedestrian": 2970.0, "val/loss.street_traffic": 1.7195026874542236, "val/acc.street_traffic": 0.699999988079071, "val/cnt.street_traffic": 2970.0, "val/loss.tram": 5.833141803741455, "val/acc.tram": 0.25337839126586914, "val/cnt.tram": 2960.0, "val/macro_avg_acc": 0.34793633222579956, "epoch": 150, "trainer/global_step": 4200, "_timestamp": 1741372051.5592127, "_runtime": 5236.033095598221, "_step": 234, "lr": 5.097935407150089e-10, "train/loss": 0.12360693514347076, "test/acc": 0.3479784429073334, "test/loss": 5.164405345916748, "test/loss.a": 3.0961532592773438, "test/acc.a": 0.4854545593261719, "test/cnt.a": 3300.0, "test/acc.real": 0.4532388746738434, "test/count.real": 9880.0, "test/lloss.real": 3.3072988986968994, "test/loss.b": 3.855224847793579, "test/acc.b": 0.40334346890449524, "test/cnt.b": 3290.0, "test/loss.c": 2.9711599349975586, "test/acc.c": 0.47082066535949707, "test/cnt.c": 3290.0, "test/loss.s1": 6.511397838592529, "test/acc.s1": 0.2754545509815216, "test/cnt.s1": 3300.0, "test/acc.seen": 0.30868688225746155, "test/count.seen": 9900.0, "test/lloss.seen": 5.499202251434326, "test/loss.s2": 4.960097312927246, "test/acc.s2": 0.3115151524543762, "test/cnt.s2": 3300.0, "test/loss.s3": 5.026111602783203, "test/acc.s3": 0.33909091353416443, "test/cnt.s3": 3300.0, "test/loss.s4": 6.713911056518555, "test/acc.s4": 0.3039394021034241, "test/cnt.s4": 3300.0, "test/acc.unseen": 0.2822222113609314, "test/count.unseen": 9900.0, "test/lloss.unseen": 6.680964469909668, "test/loss.s5": 6.556046962738037, "test/acc.s5": 0.28575757145881653, "test/cnt.s5": 3300.0, "test/loss.s6": 6.772934913635254, "test/acc.s6": 0.256969690322876, "test/cnt.s6": 3300.0, "test/loss.airport": 5.157217025756836, "test/acc.airport": 0.3175675570964813, "test/cnt.airport": 2960.0, "test/loss.bus": 6.028603553771973, "test/acc.bus": 0.3144781291484833, "test/cnt.bus": 2970.0, "test/loss.metro": 5.896696090698242, "test/acc.metro": 0.2713804841041565, "test/cnt.metro": 2970.0, "test/loss.metro_station": 4.255805015563965, "test/acc.metro_station": 0.34949496388435364, "test/cnt.metro_station": 2970.0, "test/loss.park": 4.8818535804748535, "test/acc.park": 0.4336700439453125, "test/cnt.park": 2970.0, "test/loss.public_square": 7.485498428344727, "test/acc.public_square": 0.2010101079940796, "test/cnt.public_square": 2970.0, "test/loss.shopping_mall": 3.537447929382324, "test/acc.shopping_mall": 0.4168350100517273, "test/cnt.shopping_mall": 2970.0, "test/loss.street_pedestrian": 6.843853950500488, "test/acc.street_pedestrian": 0.22154882550239563, "test/cnt.street_pedestrian": 2970.0, "test/loss.street_traffic": 1.7195024490356445, "test/acc.street_traffic": 0.699999988079071, "test/cnt.street_traffic": 2970.0, "test/loss.tram": 5.833141326904297, "test/acc.tram": 0.25337839126586914, "test/cnt.tram": 2960.0, "test/macro_avg_acc": 0.34793636202812195, "_wandb": {"runtime": 5235}}