{"quantized_accuracy": 40.636792452830186, "unquantized_accuracy": 41.00067385444744, "_timestamp": 1741599574.8136837, "_runtime": 638.8598637580872, "_step": 0, "_wandb": {"runtime": 638}}