{"val/acc": 0.31300538778305054, "val/loss": 3.56414532661438, "val/loss.a": 2.8126473426818848, "val/acc.a": 0.40303030610084534, "val/cnt.a": 3300.0, "val/acc.real": 0.36427125334739685, "val/count.real": 9880.0, "val/lloss.real": 3.141605854034424, "val/loss.b": 3.3857266902923584, "val/acc.b": 0.34437689185142517, "val/cnt.b": 3290.0, "val/loss.c": 3.2274436950683594, "val/acc.c": 0.3452887535095215, "val/cnt.c": 3290.0, "val/loss.s1": 3.8469767570495605, "val/acc.s1": 0.26151514053344727, "val/cnt.s1": 3300.0, "val/acc.seen": 0.28484848141670227, "val/count.seen": 9900.0, "val/lloss.seen": 3.8075931072235107, "val/loss.s2": 3.9963266849517822, "val/acc.s2": 0.27060607075691223, "val/cnt.s2": 3300.0, "val/loss.s3": 3.5794761180877686, "val/acc.s3": 0.3224242329597473, "val/cnt.s3": 3300.0, "val/loss.s4": 3.6641945838928223, "val/acc.s4": 0.2933333218097687, "val/cnt.s4": 3300.0, "val/acc.unseen": 0.28999999165534973, "val/count.unseen": 9900.0, "val/lloss.unseen": 3.7392241954803467, "val/loss.s5": 3.602688789367676, "val/acc.s5": 0.29757577180862427, "val/cnt.s5": 3300.0, "val/loss.s6": 3.950788974761963, "val/acc.s6": 0.27909091114997864, "val/cnt.s6": 3300.0, "val/loss.airport": 4.7827372550964355, "val/acc.airport": 0.18445946276187897, "val/cnt.airport": 2960.0, "val/loss.bus": 3.4745442867279053, "val/acc.bus": 0.29360270500183105, "val/cnt.bus": 2970.0, "val/loss.metro": 3.890404462814331, "val/acc.metro": 0.24444444477558136, "val/cnt.metro": 2970.0, "val/loss.metro_station": 3.6114957332611084, "val/acc.metro_station": 0.2545454502105713, "val/cnt.metro_station": 2970.0, "val/loss.park": 2.311138391494751, "val/acc.park": 0.49259260296821594, "val/cnt.park": 2970.0, "val/loss.public_square": 4.99074649810791, "val/acc.public_square": 0.15084175765514374, "val/cnt.public_square": 2970.0, "val/loss.shopping_mall": 2.123558759689331, "val/acc.shopping_mall": 0.5050504803657532, "val/cnt.shopping_mall": 2970.0, "val/loss.street_pedestrian": 3.7691650390625, "val/acc.street_pedestrian": 0.24040403962135315, "val/cnt.street_pedestrian": 2970.0, "val/loss.street_traffic": 2.0929062366485596, "val/acc.street_traffic": 0.5663299560546875, "val/cnt.street_traffic": 2970.0, "val/loss.tram": 4.591790199279785, "val/acc.tram": 0.1969594657421112, "val/cnt.tram": 2960.0, "val/macro_avg_acc": 0.31292304396629333, "epoch": 143, "trainer/global_step": 4031, "_timestamp": 1741659411.303403, "_runtime": 48697.91643190384, "_step": 223, "lr": 0.00010227579332422465, "train/loss": 0.010247576981782913, "_wandb": {"runtime": 48697}}