{"val/acc": 0.3768194019794464, "val/loss": 1.9478248357772827, "val/loss.a": 1.4562253952026367, "val/acc.a": 0.4742424190044403, "val/cnt.a": 3300.0, "val/acc.real": 0.4451417028903961, "val/count.real": 9880.0, "val/lloss.real": 1.620449185371399, "val/loss.b": 1.8278186321258545, "val/acc.b": 0.3911854028701782, "val/cnt.b": 3290.0, "val/loss.c": 1.5778026580810547, "val/acc.c": 0.46990880370140076, "val/cnt.c": 3290.0, "val/loss.s1": 2.016000270843506, "val/acc.s1": 0.33181819319725037, "val/cnt.s1": 3300.0, "val/acc.seen": 0.3509090840816498, "val/count.seen": 9900.0, "val/lloss.seen": 2.0637893676757812, "val/loss.s2": 2.199643850326538, "val/acc.s2": 0.3424242436885834, "val/cnt.s2": 3300.0, "val/loss.s3": 1.9757237434387207, "val/acc.s3": 0.378484845161438, "val/cnt.s3": 3300.0, "val/loss.s4": 2.0760715007781982, "val/acc.s4": 0.34545454382896423, "val/cnt.s4": 3300.0, "val/acc.unseen": 0.33454546332359314, "val/count.unseen": 9900.0, "val/lloss.unseen": 2.157771348953247, "val/loss.s5": 2.1678316593170166, "val/acc.s5": 0.324848473072052, "val/cnt.s5": 3300.0, "val/loss.s6": 2.2294113636016846, "val/acc.s6": 0.3333333432674408, "val/cnt.s6": 3300.0, "val/loss.airport": 1.2980974912643433, "val/acc.airport": 0.5104729533195496, "val/cnt.airport": 2960.0, "val/loss.bus": 1.4150663614273071, "val/acc.bus": 0.532996654510498, "val/cnt.bus": 2970.0, "val/loss.metro": 2.515697956085205, "val/acc.metro": 0.22659932076931, "val/cnt.metro": 2970.0, "val/loss.metro_station": 2.4761407375335693, "val/acc.metro_station": 0.20269359648227692, "val/cnt.metro_station": 2970.0, "val/loss.park": 1.5287115573883057, "val/acc.park": 0.5084174871444702, "val/cnt.park": 2970.0, "val/loss.public_square": 3.065486192703247, "val/acc.public_square": 0.12727272510528564, "val/cnt.public_square": 2970.0, "val/loss.shopping_mall": 0.9436457753181458, "val/acc.shopping_mall": 0.6690235733985901, "val/cnt.shopping_mall": 2970.0, "val/loss.street_pedestrian": 2.5316390991210938, "val/acc.street_pedestrian": 0.12525252997875214, "val/cnt.street_pedestrian": 2970.0, "val/loss.street_traffic": 1.1881999969482422, "val/acc.street_traffic": 0.649158239364624, "val/cnt.street_traffic": 2970.0, "val/loss.tram": 2.512599229812622, "val/acc.tram": 0.21621622145175934, "val/cnt.tram": 2960.0, "val/macro_avg_acc": 0.3768102824687958, "epoch": 19.0, "trainer/global_step": 549, "_timestamp": 1741617155.7476268, "_runtime": 6442.360655784607, "_step": 29, "lr": 0.001372499973513186, "train/loss": 0.8093841075897217}