{"quantized_accuracy": 11.02088948787062, "unquantized_accuracy": 41.00067385444744, "_timestamp": 1741607023.1029658, "_runtime": 802.4610469341278, "_step": 0, "_wandb": {"runtime": 801}}