{"val/acc": 0.44407007098197937, "val/loss": 2.847092390060425, "val/loss.a": 1.8103971481323242, "val/acc.a": 0.5960606336593628, "val/cnt.a": 3300.0, "val/acc.real": 0.5423076748847961, "val/count.real": 9880.0, "val/lloss.real": 2.219059467315674, "val/loss.b": 2.7705957889556885, "val/acc.b": 0.49665653705596924, "val/cnt.b": 3290.0, "val/loss.c": 2.0774283409118652, "val/acc.c": 0.5340425372123718, "val/cnt.c": 3290.0, "val/loss.s1": 3.264807939529419, "val/acc.s1": 0.3690909147262573, "val/cnt.s1": 3300.0, "val/acc.seen": 0.38979798555374146, "val/count.seen": 9900.0, "val/lloss.seen": 3.2086269855499268, "val/loss.s2": 3.2610504627227783, "val/acc.s2": 0.38151514530181885, "val/cnt.s2": 3300.0, "val/loss.s3": 3.100022077560425, "val/acc.s3": 0.4187878668308258, "val/cnt.s3": 3300.0, "val/loss.s4": 3.026731491088867, "val/acc.s4": 0.4342424273490906, "val/cnt.s4": 3300.0, "val/acc.unseen": 0.40030303597450256, "val/count.unseen": 9900.0, "val/lloss.unseen": 3.1116416454315186, "val/loss.s5": 2.9956438541412354, "val/acc.s5": 0.41333332657814026, "val/cnt.s5": 3300.0, "val/loss.s6": 3.312549114227295, "val/acc.s6": 0.35333332419395447, "val/cnt.s6": 3300.0, "val/loss.airport": 4.422924518585205, "val/acc.airport": 0.272972971200943, "val/cnt.airport": 2960.0, "val/loss.bus": 2.2174270153045654, "val/acc.bus": 0.5444444417953491, "val/cnt.bus": 2970.0, "val/loss.metro": 2.5383007526397705, "val/acc.metro": 0.41548821330070496, "val/cnt.metro": 2970.0, "val/loss.metro_station": 3.729325532913208, "val/acc.metro_station": 0.31952860951423645, "val/cnt.metro_station": 2970.0, "val/loss.park": 1.6378097534179688, "val/acc.park": 0.6131312847137451, "val/cnt.park": 2970.0, "val/loss.public_square": 4.270693778991699, "val/acc.public_square": 0.22794613242149353, "val/cnt.public_square": 2970.0, "val/loss.shopping_mall": 2.0546793937683105, "val/acc.shopping_mall": 0.6043770909309387, "val/cnt.shopping_mall": 2970.0, "val/loss.street_pedestrian": 3.6236555576324463, "val/acc.street_pedestrian": 0.2929292917251587, "val/cnt.street_pedestrian": 2970.0, "val/loss.street_traffic": 1.3196916580200195, "val/acc.street_traffic": 0.7252525091171265, "val/cnt.street_traffic": 2970.0, "val/loss.tram": 2.658820629119873, "val/acc.tram": 0.4239864945411682, "val/cnt.tram": 2960.0, "val/macro_avg_acc": 0.44400566816329956, "epoch": 150, "trainer/global_step": 4200, "_timestamp": 1743109785.3697639, "_runtime": 5162.489329814911, "_step": 234, "lr": 2.5489677035750447e-09, "train/loss": 0.0010166970314458013, "test/acc": 0.4440026879310608, "test/loss": 2.849609375, "test/loss.a": 1.8103601932525635, "test/acc.a": 0.596969723701477, "test/cnt.a": 3300.0, "test/acc.real": 0.5427125692367554, "test/count.real": 9880.0, "test/lloss.real": 2.2203304767608643, "test/loss.b": 2.774125576019287, "test/acc.b": 0.49726444482803345, "test/cnt.b": 3290.0, "test/loss.c": 2.077752113342285, "test/acc.c": 0.5337386131286621, "test/cnt.c": 3290.0, "test/loss.s1": 3.2678611278533936, "test/acc.s1": 0.3675757646560669, "test/cnt.s1": 3300.0, "test/acc.seen": 0.38949495553970337, "test/count.seen": 9900.0, "test/lloss.seen": 3.2117080688476562, "test/loss.s2": 3.263658285140991, "test/acc.s2": 0.382121205329895, "test/cnt.s2": 3300.0, "test/loss.s3": 3.103605031967163, "test/acc.s3": 0.4187878668308258, "test/cnt.s3": 3300.0, "test/loss.s4": 3.0321857929229736, "test/acc.s4": 0.4342424273490906, "test/cnt.s4": 3300.0, "test/acc.unseen": 0.4000000059604645, "test/count.unseen": 9900.0, "test/lloss.unseen": 3.1169004440307617, "test/loss.s5": 3.0003976821899414, "test/acc.s5": 0.41121211647987366, "test/cnt.s5": 3300.0, "test/loss.s6": 3.31811785697937, "test/acc.s6": 0.3545454442501068, "test/cnt.s6": 3300.0, "test/loss.airport": 4.446722984313965, "test/acc.airport": 0.27162161469459534, "test/cnt.airport": 2960.0, "test/loss.bus": 2.2239270210266113, "test/acc.bus": 0.5434343218803406, "test/cnt.bus": 2970.0, "test/loss.metro": 2.535118341445923, "test/acc.metro": 0.4148148000240326, "test/cnt.metro": 2970.0, "test/loss.metro_station": 3.735691547393799, "test/acc.metro_station": 0.31952860951423645, "test/cnt.metro_station": 2970.0, "test/loss.park": 1.642553687095642, "test/acc.park": 0.6134679913520813, "test/cnt.park": 2970.0, "test/loss.public_square": 4.270948886871338, "test/acc.public_square": 0.22794613242149353, "test/cnt.public_square": 2970.0, "test/loss.shopping_mall": 2.0476438999176025, "test/acc.shopping_mall": 0.6060606241226196, "test/cnt.shopping_mall": 2970.0, "test/loss.street_pedestrian": 3.6254000663757324, "test/acc.street_pedestrian": 0.2929292917251587, "test/cnt.street_pedestrian": 2970.0, "test/loss.street_traffic": 1.3208726644515991, "test/acc.street_traffic": 0.7255892157554626, "test/cnt.street_traffic": 2970.0, "test/loss.tram": 2.656548500061035, "test/acc.tram": 0.4239864945411682, "test/cnt.tram": 2960.0, "test/macro_avg_acc": 0.44393792748451233, "_wandb": {"runtime": 5161}}