{"lr": 1.2962818318751346e-11, "epoch": 150, "train/loss": 0.7308788895606995, "trainer/global_step": 32850, "_timestamp": 1741527660.7960641, "_runtime": 20757.09008216858, "_step": 807, "val/acc": 0.3842991888523102, "val/loss": 3.055415153503418, "val/loss.a": 1.6123648881912231, "val/acc.a": 0.5469697117805481, "val/cnt.a": 3300.0, "val/acc.real": 0.4851214587688446, "val/count.real": 9880.0, "val/lloss.real": 2.0331008434295654, "val/loss.b": 2.5105862617492676, "val/acc.b": 0.4170212745666504, "val/cnt.b": 3290.0, "val/loss.c": 1.9776301383972168, "val/acc.c": 0.49118539690971375, "val/cnt.c": 3290.0, "val/loss.s1": 2.9201745986938477, "val/acc.s1": 0.31939393281936646, "val/cnt.s1": 3300.0, "val/acc.seen": 0.34525251388549805, "val/count.seen": 9900.0, "val/lloss.seen": 2.7866177558898926, "val/loss.s2": 2.8064844608306885, "val/acc.s2": 0.3403030335903168, "val/cnt.s2": 3300.0, "val/loss.s3": 2.6331942081451416, "val/acc.s3": 0.3760606050491333, "val/cnt.s3": 3300.0, "val/loss.s4": 4.490830421447754, "val/acc.s4": 0.3478787839412689, "val/cnt.s4": 3300.0, "val/acc.unseen": 0.3227272629737854, "val/count.unseen": 9900.0, "val/lloss.unseen": 4.341628551483154, "val/loss.s5": 3.875542640686035, "val/acc.s5": 0.33181819319725037, "val/cnt.s5": 3300.0, "val/loss.s6": 4.658511638641357, "val/acc.s6": 0.2884848415851593, "val/cnt.s6": 3300.0, "val/loss.airport": 3.533637285232544, "val/acc.airport": 0.27432432770729065, "val/cnt.airport": 2960.0, "val/loss.bus": 2.656883955001831, "val/acc.bus": 0.48821547627449036, "val/cnt.bus": 2970.0, "val/loss.metro": 3.708869695663452, "val/acc.metro": 0.273737370967865, "val/cnt.metro": 2970.0, "val/loss.metro_station": 2.7649033069610596, "val/acc.metro_station": 0.33703702688217163, "val/cnt.metro_station": 2970.0, "val/loss.park": 2.111539602279663, "val/acc.park": 0.6003366708755493, "val/cnt.park": 2970.0, "val/loss.public_square": 4.480875015258789, "val/acc.public_square": 0.2070707082748413, "val/cnt.public_square": 2970.0, "val/loss.shopping_mall": 2.070735454559326, "val/acc.shopping_mall": 0.4717171788215637, "val/cnt.shopping_mall": 2970.0, "val/loss.street_pedestrian": 4.7391133308410645, "val/acc.street_pedestrian": 0.23198653757572174, "val/cnt.street_pedestrian": 2970.0, "val/loss.street_traffic": 1.4624985456466675, "val/acc.street_traffic": 0.6404040455818176, "val/cnt.street_traffic": 2970.0, "val/loss.tram": 3.017132043838501, "val/acc.tram": 0.3175675570964813, "val/cnt.tram": 2960.0, "val/macro_avg_acc": 0.38423970341682434, "test/acc": 0.3842991888523102, "test/loss": 3.0554146766662598, "test/loss.a": 1.6123650074005127, "test/acc.a": 0.5469697117805481, "test/cnt.a": 3300.0, "test/acc.real": 0.4851214587688446, "test/count.real": 9880.0, "test/lloss.real": 2.0331008434295654, "test/loss.b": 2.5105862617492676, "test/acc.b": 0.4170212745666504, "test/cnt.b": 3290.0, "test/loss.c": 1.977630376815796, "test/acc.c": 0.49118539690971375, "test/cnt.c": 3290.0, "test/loss.s1": 2.9201743602752686, "test/acc.s1": 0.31939393281936646, "test/cnt.s1": 3300.0, "test/acc.seen": 0.34525251388549805, "test/count.seen": 9900.0, "test/lloss.seen": 2.7866175174713135, "test/loss.s2": 2.8064844608306885, "test/acc.s2": 0.3403030335903168, "test/cnt.s2": 3300.0, "test/loss.s3": 2.6331942081451416, "test/acc.s3": 0.3760606050491333, "test/cnt.s3": 3300.0, "test/loss.s4": 4.490829944610596, "test/acc.s4": 0.3478787839412689, "test/cnt.s4": 3300.0, "test/acc.unseen": 0.3227272629737854, "test/count.unseen": 9900.0, "test/lloss.unseen": 4.341628074645996, "test/loss.s5": 3.875542163848877, "test/acc.s5": 0.33181819319725037, "test/cnt.s5": 3300.0, "test/loss.s6": 4.658511638641357, "test/acc.s6": 0.2884848415851593, "test/cnt.s6": 3300.0, "test/loss.airport": 3.533637285232544, "test/acc.airport": 0.27432432770729065, "test/cnt.airport": 2960.0, "test/loss.bus": 2.656883955001831, "test/acc.bus": 0.48821547627449036, "test/cnt.bus": 2970.0, "test/loss.metro": 3.7088699340820312, "test/acc.metro": 0.273737370967865, "test/cnt.metro": 2970.0, "test/loss.metro_station": 2.7649033069610596, "test/acc.metro_station": 0.33703702688217163, "test/cnt.metro_station": 2970.0, "test/loss.park": 2.111539602279663, "test/acc.park": 0.6003366708755493, "test/cnt.park": 2970.0, "test/loss.public_square": 4.480875015258789, "test/acc.public_square": 0.2070707082748413, "test/cnt.public_square": 2970.0, "test/loss.shopping_mall": 2.070735454559326, "test/acc.shopping_mall": 0.4717171788215637, "test/cnt.shopping_mall": 2970.0, "test/loss.street_pedestrian": 4.7391133308410645, "test/acc.street_pedestrian": 0.23198653757572174, "test/cnt.street_pedestrian": 2970.0, "test/loss.street_traffic": 1.4624985456466675, "test/acc.street_traffic": 0.6404040455818176, "test/cnt.street_traffic": 2970.0, "test/loss.tram": 3.017132043838501, "test/acc.tram": 0.3175675570964813, "test/cnt.tram": 2960.0, "test/macro_avg_acc": 0.38423970341682434, "_wandb": {"runtime": 20756}}